1099,Tinkel Double Digest #32,n,1248,20-04-14 12:22
1111,Amar Chitra Katha by India Book House,y,",",","
1112,Arkin Comics,y,",",","
1113,Batul The Great by narayan debnath,y,",",","
1114,Billoo,y,",",","
1115,Bombaby the Screen Goddess published by Slave Labour Graphics,y,",",","
1116,"Chacha Chaudhary by Pran, published by Diamond Comics",y,",",","
1117,Chitra Bharti Kathamala by S. Chand,y,",",","
1118,Corridor by Sarnath Banerjee,y,",",","
1119,Detective Moochwala created by Ajit Ninan,y,",",","
1120,Gardhab Das created by Neelabh and Jayanto,y,",",","
1121,Handa Bhonda,y,",",","
1122,Indrajal Comics by The Times of India.,y,",",","
1123,Krishna by India Book House,y,",",","
1124,Lotpot by Mayapuri Group,y,",",","
1125,Madhu Muskan by Mayapuri Group,y,",",","
1126,Mahabharata by India Book House,y,",",","
1127,Nonte Phonte,y,",",","
1128,Ramayana by India Book House,y,",",","
1129,Spider-Man: India published by Gotham Entertainment Group,y,",",","
1130,The book of Pi by Electron Studio,y,",",","
1131,Tinkle by India Book House,y,",",","
1132,Vimanarama by Vertigo,y,",",","
1133,Lucky Jim by Kingsley Amis,y,",",","
1134,Money by Martin Amis,y,",",","
1135,The Information by Martin Amis,y,",",","
1136,The Bottle Factory Outing by Beryl Bainbridge,y,",",","
1137,According to Queeney by Beryl Bainbridge,y,",",","
1138,Flaubert's Parrot by Julian Barnes,y,",",","
1139,A History of the World in 10 1/2 Chapters by Julian Barnes,y,",",","
1140,"Augustus Carp, Esq. by Himself: Being the Autobiography of a Really Good Man by Henry Howarth Bashford",y,",",","
1141,Molloy by Samuel Beckett,y,",",","
1142,Zuleika Dobson by Max Beerbohm,y,",",","
1143,The Adventures of Augie March by Saul Bellow,y,",",","
1144,The Uncommon Reader by Alan Bennett,y,",",","
1145,Queen Lucia by EF Benson,y,",",","
1146,The Ascent of Rum Doodle by WE Bowman,y,",",","
1147,A Good Man in Africa by William Boyd,y,",",","
1148,The History Man by Malcolm Bradbury,y,",",","
1149,No Bed for Bacon by Caryl Brahms and SJ Simon,y,",",","
1150,Illywhacker by Peter Carey,y,",",","
1151,A Season in Sinji by JL Carr,y,",",","
1152,The Harpole Report by JL Carr,y,",",","
1153,The Hearing Trumpet by Leonora Carrington,y,",",","
1154,Mister Johnson by Joyce Cary,y,",",","
1155,The Horse's Mouth by Joyce Cary,y,",",","
1156,Don Quixote by Miguel de Cervantes,y,",",","
1157,The Case of the Gilded Fly by Edmund Crispin,y,",",","
1158,Just William by Richmal Crompton,y,",",","
1159,The Provincial Lady by EM Delafield,y,",",","
1160,Slouching Towards Kalamazoo by Peter De Vries,y,",",","
1161,The Pickwick Papers by Charles Dickens,y,",",","
1162,Martin Chuzzlewit by Charles Dickens,y,",",","
1163,Jacques the Fatalist and his Master by Denis Diderot,y,",",","
1164,A Fairy Tale of New York by JP Donleavy,y,",",","
1165,The Commitments by Roddy Doyle,y,",",","
1166,Ennui by Maria Edgeworth,y,",",","
1167,Cheese by Willem Elsschot,y,",",","
1168,Bridget Jones's Diary by Helen Fielding,y,",",","
1169,Joseph Andrews by Henry Fielding,y,",",","
1170,Tom Jones by Henry Fielding,y,",",","
1171,Caprice by Ronald Firbank,y,",",","
1172,Bouvard et Pécuchet by Gustave Flaubert,y,",",","
1173,Towards the End of the Morning by Michael Frayn,y,",",","
1174,The Polygots by William Gerhardie,y,",",","
1175,Cold Comfort Farm by Stella Gibbons,y,",",","
1176,Dead Souls by Nikolai Gogol,y,",",","
1177,Oblomov by Ivan Goncharov,y,",",","
1178,The Wind in the Willows by Kenneth Grahame,y,",",","
1179,Brewster's Millions by Richard Greaves (George Barr McCutcheon),y,",",","
1180,Squire Haggard's Journal by Michael Green,y,",",","
1181,Our Man in Havana by Graham Greene,y,",",","
1182,Travels with My Aunt by Graham Greene,y,",",","
1183,Diary of a Nobody by George Grossmith,y,",",","
1184,The Little World of Don Camillo by Giovanni Guareschi,y,",",","
1185,The Curious Incident of the Dog in the Night-time by Mark Haddon,y,",",","
1186,Catch-22 by Joseph Heller,y,",",","
1187,Mr Blandings Builds His Dream House by Eric Hodgkins,y,",",","
1188,High Fidelity by Nick Hornby,y,",",","
1189,I Served the King of England by Bohumil Hrabal,y,",",","
1190,The Lecturer's Tale by James Hynes,y,",",","
1191,Mr Norris Changes Trains by Christopher Isherwood,y,",",","
1192,The Mighty Walzer Howard by Jacobson,y,",",","
1193,Pictures from an Institution by Randall Jarrell,y,",",","
1194,Three Men in a Boat by Jerome K Jerome,y,",",","
1195,Finnegans Wake by James Joyce,y,",",","
1196,The Castle by Franz Kafka,y,",",","
1197,Lake Wobegon Days by Garrison Keillor,y,",",","
1198,Death and the Penguin by Andrey Kurkov,y,",",","
1199,The Debt to Pleasure by John Lanchester,y,",",","
1200,L'Histoire de Gil Blas de Santillane (Gil Blas) Alain-René Lesage,y,",",","
1201,Changing Places by David Lodge,y,",",","
1202,Nice Work by David Lodge,y,",",","
1203,The Towers of Trebizond by Rose Macaulay,y,",",","
1204,"England, Their England by AG Macdonell",y,",",","
1205,Whisky Galore by Compton Mackenzie,y,",",","
1206,Memoirs of a Gnostic Dwarf by David Madsen,y,",",","
1207,"Cakes and Ale - Or, the Skeleton in the Cupboard by W Somerset Maugham",y,",",","
1208,Tales of the City by Armistead Maupin,y,",",","
1209,"Bright Lights, Big City by Jay McInerney",y,",",","
1210,Puckoon by Spike Milligan,y,",",","
1211,The Restraint of Beasts by Magnus Mills,y,",",","
1212,Charade by John Mortimer,y,",",","
1213,Titmuss Regained by John Mortimer,y,",",","
1214,Under the Net by Iris Murdoch,y,",",","
1215,Pnin by Vladimir Nabokov,y,",",","
1216,Pale Fire by Vladimir Nabokov,y,",",","
1217,Fireflies by Shiva Naipaul,y,",",","
1218,The Sacred Book of the Werewolf by Victor Pelevin,y,",",","
1219,La Disparition by Georges Perec,y,",",","
1220,Les Revenentes by Georges Perec,y,",",","
1221,La Vie Mode d'Emploi by Georges Perec,y,",",","
1222,My Search for Warren Harding by Robert Plunkett,y,",",","
1223,A Dance to the Music of Time by Anthony Powell,y,",",","
1224,A Time to be Born by Dawn Powell,y,",",","
1225,Excellent Women by Barbara Pym,y,",",","
1226,Less Than Angels by Barbara Pym,y,",",","
1227,Zazie in the Metro by Raymond Queneau,y,",",","
1228,Solomon Gursky Was Here by Mordecai Richler,y,",",","
1229,Alms for Oblivion by Simon Raven,y,",",","
1230,Portnoy's Complaint by Philip Roth,y,",",","
1231,The Westminster Alice by Saki,y,",",","
1232,The Unbearable Bassington by Saki ,y,",",","
1233,Hurrah for St Trinian's by Ronald Searle,y,",",","
1235,Porterhouse Blue by Tom Sharpe,y,",",","
1236,Blott on the Landscape by Tom Sharpe,y,",",","
1237,Office Politics by Wilfrid Sheed,y,",",","
1238,Belles Lettres Papers: A Novel by Charles Simmons,y,",",","
1239,Moo by Jane Smiley,y,",",","
1240,Topper Takes a Trip by Thorne Smith,y,",",","
1241,The Adventures of Ferdinand Count Fathom by Tobias Smollett,y,",",","
1242,The Adventures of Roderick Random by Tobias Smollett,y,",",","
1243,The Adventures of Peregrine Pickle by Tobias Smollett,y,",",","
1244,The Expedition of Humphry Clinker by Tobias Smollett,y,",",","
1245,Harry Potter and the Goblet of Fire,n,1245,21-04-14 20:39
1246,The Girls of Slender Means by Muriel Spark,n,1245,18-04-14 16:04
1247,The Driver's Seat by Muriel Spark,n,1247,08-04-14 10:14
1248,Jack & the Bean Stock,y,",",","
1249,A Far Cry from Kensington by Muriel Spark,n,1249,07-04-14 21:06
1250,"The Life and Opinions of Tristram Shandy, Gentleman by Laurence Sterne",y,",",","
1251,White Man Falling by Mike Stocks,n,1251,07-04-14 21:44
1252,Handley Cross by RS Surtees,n,1252,07-04-14 21:46
1253,A Tale of a Tub by Jonathan Swift,y,",",","
1254,Penrod by Booth Tarkington,y,",",","
1255,The Luck of Barry Lyndon by William Makepeace Thackeray,n,1255,07-04-14 20:55
1256,Before Lunch by Angela Thirkell,n,1256,07-04-14 20:55
1257,Tropic of Ruislip by Leslie Thomas,n,1257,07-04-14 21:46
1258,A Confederacy of Dunces by John Kennedy Toole,y,",",","
1259,Barchester Towers by Anthony Trollope,n,1259,08-04-14 12:29
1260,Venus on the Half-Shell by Kilgore Trout,y,",",","
1261,The Mysterious Stranger by Mark Twain,y,",",","
1262,The Witches of Eastwick by John Updike,y,",",","
1263,Breakfast of Champions by Kurt Vonnegut,y,",",","
1264,Infinite Jest by David Foster Wallace,y,",",","
1265,Decline and Fall by Evelyn Waugh,y,",",","
1266,Vile Bodies by Evelyn Waugh,y,",",","
1267,Black Mischief by Evelyn Waugh,y,",",","
1268,Scoop by Evelyn Waugh,y,",",","
1269,The Loved One by Evelyn Waugh,n,1269,07-04-14 21:44
1270,A Handful of Dust by Evelyn Waugh ,y,",",","
1271,The Life and Loves of a She-Devil by Fay Weldon,y,",",","
1272,Tono Bungay by HG Wells,y,",",","
1273,Molesworth by Geoffrey Willans and Ronald Searle,y,",",","
1274,The Wimbledon Poisoner by Nigel Williams,y,",",","
1275,Anglo-Saxon Attitudes by Angus Wilson,n,1238,07-04-14 22:05
1276,Something Fresh by PG Wodehouse,y,",",","
1277,Piccadilly Jim by PG Wodehouse,y,",",","
1278,Thank You Jeeves by PG Wodehouse,y,",",","
1279,Heavy Weather by PG Wodehouse,y,",",","
1280,The Code of the Woosters by PG Wodehouse,y,",",","
1281,Joy in the Morning by PG Wodehouse,y,",",","
1282,Crime,y,",",","
1283,The Man with the Golden Arm by Nelson Algren,y,",",","
1284,Fantomas by Marcel Allain and Pierre Souvestre,y,",",","
1285,The Mask of Dimitrios by Eric Ambler,y,",",","
1286,Epitaph for a Spy by Eric Ambler,y,",",","
1287,Journey into Fear by Eric Ambler,n,1287,07-04-14 21:38
1288,The New York Trilogy by Paul Auster,y,",",","
1289,Trent's Last Case by EC Bentley,y,",",","
1290,The Poisoned Chocolates Case by Anthony Berkeley,y,",",","
1291,The Beast Must Die by Nicholas Blake,y,",",","
1292,Lady Audley's Secret by Mary E Braddon,y,",",","
1293,The Neon Rain by James Lee Burke,y,",",","
1294,The Tin Roof Blowdown by James Lee Burke,y,",",","
1295,The Thirty-Nine Steps by John Buchan,y,",",","
1296,Greenmantle by John Buchan,y,",",","
1297,The Asphalt Jungle by WR Burnett,y,",",","
1298,The Postman Always Rings Twice by James M Cain,y,",",","
1299,Double Indemnity by James M Cain,y,",",","
1300,True History of the Ned Kelly Gang by Peter Carey,y,",",","
1301,The Hollow Man by John Dickson Carr,y,",",","
1302,The Big Sleep by Raymond Chandler,y,",",","
1303,The Long Goodbye by Raymond Chandler,y,",",","
1304,No Orchids for Miss Blandish by James Hadley Chase,y,",",","
1305,The Riddle of the Sands by Erskine Childers,y,",",","
1306,And Then There Were None by Agatha Christie,y,",",","
1307,The Mysterious Affair at Styles by Agatha Christie,y,",",","
1308,The Murder of Roger Ackroyd by Agatha Christie,y,",",","
1309,The Murder at the Vicarage by Agatha Christie,y,",",","
1310,The Secret Adversary by Agatha Christie,y,",",","
1311,The Woman in White by Wilkie Collins,y,",",","
1312,The Moonstone by Wilkie Collins,y,",",","
1313,A Study in Scarlet by Arthur Conan Doyle,y,",",","
1314,The Hound of the Baskervilles by Arthur Conan Doyle,y,",",","
1315,The Sign of Four by Arthur Conan Doyle,y,",",","
1316,The Manchurian Candidate by Richard Condon,y,",",","
1317,The Secret Agent by Joseph Conrad,y,",",","
1318,Under Western Eyes by Joseph Conrad,y,",",","
1319,Postmortem by Patricia Cornwell,y,",",","
1320,The Andromeda Strain by Michael Crichton,y,",",","
1321,Jurassic Park by Michael Crichton,y,",",","
1322,Poetic Justice by Amanda Cross,y,",",","
1323,The Ipcress File by Len Deighton,y,",",","
1324,Last Seen Wearing by Colin Dexter,y,",",","
1325,The Remorseful Day by Colin Dexter,y,",",","
1326,Ratking by Michael Dibdin,y,",",","
1327,Dead Lagoon by Michael Dibdin,y,",",","
1328,Dirty Tricks by Michael Dibdin,y,",",","
1329,A Rich Full Death by Michael Dibdin,y,",",","
1330,Vendetta by Michael Dibdin,y,",",","
1331,Crime and Punishment by Fyodor Dostoevsky,y,",",","
1332,An American Tragedy by Theodore Dreiser,y,",",","
1333,My Cousin Rachel by Daphne du Maurier,y,",",","
1334,The Count of Monte Cristo by Alexandre Dumas,y,",",","
1335,The Pledge by Friedrich Durrenmatt,y,",",","
1336,The Crime of Father Amado by José Maria de Eça de Queiroz,y,",",","
1337,The Name of the Rose by Umberto Eco,y,",",","
1338,American Psycho by Bret Easton Ellis,y,",",","
1339,LA Confidential by James Ellroy,y,",",","
1340,The Big Nowhere by James Ellroy,y,",",","
1341,A Quiet Belief in Angels by RJ Ellory,y,",",","
1342,Sanctuary by William Faulkner,y,",",","
1343,Casino Royale by Ian Fleming,y,",",","
1344,Goldfinger by Ian Fleming,y,",",","
1345,You Only Live Twice by Ian Fleming,y,",",","
1346,The Day of the Jackal by Frederick Forsyth,y,",",","
1347,Brighton Rock by Graham Greene,y,",",","
1348,A Gun for Sale by Graham Greene,y,",",","
1349,The Ministry of Fear by Graham Greene,y,",",","
1350,The Third Man by Graham Greene,y,",",","
1351,A Time to Kill by John Grisham,y,",",","
1352,The King of Torts by John Grisham,y,",",","
1353,Hangover Square by Patrick Hamilton,y,",",","
1354,The Glass Key by Dashiell Hammett,y,",",","
1355,The Maltese Falcon by Dashiell Hammett,y,",",","
1356,Red Harvest by Dashiell Hammett,y,",",","
1357,The Thin Man by Dashiell Hammett,y,",",","
1358,Fatherland by Robert Harris,y,",",","
1359,Black Sunday by Thomas Harris,y,",",","
1360,Red Dragon by Thomas Harris,y,",",","
1361,Tourist Season by Carl Hiaasen,y,",",","
1362,The Friends of Eddie Coyle by George V Higgins,y,",",","
1363,Strangers on a Train by Patricia Highsmith,y,",",","
1364,The Talented Mr Ripley by Patricia Highsmith,y,",",","
1365,Bones and Silence by Reginald Hill,y,",",","
1366,A Rage in Harlem by Chester Himes,y,",",","
1367,Miss Smilla's Feeling for Snow by Peter Hoeg,y,",",","
1368,Rogue Male by Geoffrey Household,y,",",","
1369,Malice Aforethought by Francis Iles,y,",",","
1370,Silence of the Grave by Arnadur Indridason,y,",",","
1371,Death at the President's Lodging by Michael Innes,y,",",","
1372,Cover Her Face by PD James,y,",",","
1373,A Taste for Death by PD James,y,",",","
1374,Friday the Rabbi Slept Late by Harry Kemelman,y,",",","
1375,Misery by Stephen King,y,",",","
1376,Dolores Claiborne by Stephen King,y,",",","
1377,Kim by Rudyard Kipling,y,",",","
1378,The Constant Gardener by John le Carre,y,",",","
1379,"Tinker, Tailor, Soldier, Spy by John le Carre",y,",",","
1380,The Spy Who Came in from the Cold by John le Carre,y,",",","
1381,To Kill a Mockingbird by Harper Lee,y,",",","
1382,52 Pick-up by Elmore Leonard,y,",",","
1383,Get Shorty by Elmore Leonard,y,",",","
1384,Motherless Brooklyn by Jonathan Lethem,y,",",","
1385,The Bourne Identity by Robert Ludlum,y,",",","
1386,Cop Hater by Ed McBain,y,",",","
1387,No Country for Old Men by Cormac McCarthy,y,",",","
1388,Enduring Love by Ian McEwan,y,",",","
1389,Sidetracked by Henning Mankell,y,",",","
1390,Devil in a Blue Dress by Walter Mosley,y,",",","
1391,The Great Impersonation by E Phillips Oppenheim,y,",",","
1392,The Strange Borders of Palace Crescent by E Phillips Oppenheim,y,",",","
1393,My Name is Red by Orhan Pamuk,y,",",","
1394,Toxic Shock by Sara Paretsky,y,",",","
1395,Blacklist by Sara Paretsky,y,",",","
1396,Nineteen Seventy Four by David Peace,y,",",","
1397,Nineteen Seventy Seven by David Peace,y,",",","
1398,The Big Blowdown by George Pelecanos,y,",",","
1399,Hard Revolution by George Pelecanos,y,",",","
1400,Lush Life by Richard Price,y,",",","
1401,The Godfather by Mario Puzo,y,",",","
1402,V by Thomas Pynchon,y,",",","
1403,The Crying of Lot 49 by Thomas Pynchon,y,",",","
1404,Black and Blue by Ian Rankin,y,",",","
1405,The Hanging Gardens by Ian Rankin,y,",",","
1406,Exit Music by Ian Rankin,y,",",","
1407,Judgment in Stone by Ruth Rendell,y,",",","
1408,Live Flesh by Ruth Rendell,y,",",","
1409,Dissolution by CJ Sansom,y,",",","
1410,Whose Body? by Dorothy L Sayers,y,",",","
1411,Murder Must Advertise by Dorothy Le Sayers,y,",",","
1412,The Madman of Bergerac by Georges Simenon,y,",",","
1413,The Blue Room by Georges Simenon,y,",",","
1414,The Laughing Policeman by Maj Sjowall and Per Wahloo,y,",",","
1415,Gorky Park by Martin Cruz Smith,y,",",","
1416,Of Mice and Men by John Steinbeck,y,",",","
1417,The League of Frightened Men by Rex Stout,y,",",","
1418,Perfume by Patrick Suskind,y,",",","
1419,The Secret History by Donna Tartt,y,",",","
1420,The Daughter of Time by Josephine Tey,y,",",","
1421,The Getaway by Jim Thompson,y,",",","
1422,Pudd'nhead Wilson by Mark Twain,y,",",","
1423,A Dark-Adapted Eye by Barbara Vine,y,",",","
1424,A Fatal inversion by Barbara Vine,y,",",","
1425,King Solomon's Carpet by Barbara Vine,y,",",","
1426,The Four Just Men by Edgar Wallace,y,",",","
1427,Fingersmith by Sarah Waters ,y,",",","
1428,Native Son by Richard Wright,y,",",","
1429,Therese Raquin by Emile Zola,y,",",","
1430,Family and self,y,",",","
1431,The Face of Another by Kobo Abe,y,",",","
1432,Little Women by Louisa May Alcott,y,",",","
1433,Behind the Scenes at the Museum by Kate Atkinson,y,",",","
1434,Cat's Eye by Margaret Atwood,y,",",","
1435,Epileptic by David B,y,",",","
1436,Room Temperature by Nicholson Baker,y,",",","
1437,Eugenie Grandet by Honore de Balzac,y,",",","
1438,Le Pere Goriot by Honore de Balzac,y,",",","
1439,The Crow Road by Iain Banks,y,",",","
1440,The L Shaped Room by Lynne Reid Banks,y,",",","
1441,Fun Home by Alison Bechdel,y,",",","
1442,Malone Dies by Samuel Beckett,y,",",","
1443,A Legacy by Sybille Bedford,y,",",","
1444,Herzog by Saul Bellow,y,",",","
1445,Humboldt's Gift by Saul Bellow,y,",",","
1446,The Old Wives' Tale by Arnold Bennett,y,",",","
1447,G by John Berger,y,",",","
1448,Extinction by Thomas Bernhard,y,",",","
1449,Two Serious Ladies by Jane Bowles,y,",",","
1450,Any Human Heart by William Boyd,y,",",","
1451,The Death of Virgil by Hermann Broch,y,",",","
1452,Evelina by Fanny Burney,y,",",","
1453,The Way of All Flesh by Samuel Butler,y,",",","
1454,The Sound of my Voice by Ron Butlin,y,",",","
1455,The Outsider by Albert Camus,y,",",","
1456,Wise Children by Angela Carter,y,",",","
1457,The Professor's House by Willa Cather,y,",",","
1458,The Wapshot Chronicle by John Cheever,y,",",","
1459,The Awakening by Kate Chopin,y,",",","
1460,Les Enfants Terrible by Jean Cocteau,y,",",","
1461,The Vagabond by Sidonie-Gabrielle Colette,y,",",","
1462,Manservant and Maidservant by Ivy Compton-Burnett,y,",",","
1463,Being Dead by Jim Crace,y,",",","
1464,Quarantine by Jim Crace,y,",",","
1465,The Mandarins by Simone de Beauvoir,y,",",","
1466,Roxana by Daniel Defoe,y,",",","
1467,Great Expectations by Charles Dickens,y,",",","
1468,The Brothers Karamazov by Fyodor Dostoevsky,y,",",","
1469,My New York Diary by Julie Doucet,y,",",","
1470,The Millstone by Margaret Drabble,y,",",","
1471,My Family and Other Animals by Gerald Durrell,y,",",","
1472,Silence by Shusaku Endo,y,",",","
1473,The Gathering by Anne Enright,y,",",","
1474,Middlesex by Jeffrey Eugenides,y,",",","
1475,As I Lay Dying by William Faulkner,y,",",","
1476,The Sound and the Fury by William Faulkner,y,",",","
1477,The Sportswriter by Richard Ford,y,",",","
1478,Howards End by EM Forster,y,",",","
1479,Spies by Michael Frayn,y,",",","
1480,Hideous Kinky by Esther Freud,y,",",","
1481,The Man of Property by John Galsworthy,y,",",","
1482,Mary Barton by Elizabeth Gaskell,y,",",","
1483,The Immoralist by Andre Gide,y,",",","
1484,The Vatican Cellars by Andre Gide,y,",",","
1485,The Vicar of Wakefield by Oliver Goldsmith,y,",",","
1486,The Power and the Glory by Graham Greene,y,",",","
1487,Hunger by Knut Hamsun,y,",",","
1488,The Shrimp and the Anemone by LP Hartley,y,",",","
1489,The Old Man and the Sea by Ernest Hemingway,y,",",","
1490,Steppenwolf by Herman Hesse,y,",",","
1491,Narziss and Goldmund by Hermann Hesse,y,",",","
1492,The Three Paradoxes by Paul Hornschemeier,y,",",","
1493,Tom Brown's Schooldays by Thomas Hughes,y,",",","
1494,A Prayer for Owen Meany by John Irving,y,",",","
1495,The Ambassadors by Henry James,y,",",","
1496,Washington Square by Henry James,y,",",","
1497,The Tortoise and the Hare by Elizabeth Jenkins,y,",",","
1498,The Unfortunates by BS Johnson,y,",",","
1499,A Portrait of the Artist as a Young Man by James Joyce,y,",",","
1500,Ulysses by James Joyce,y,",",","
1501,Good Behaviour by Molly Keane,y,",",","
1502,Memet my Hawk by Yasar Kemal,y,",",","
1503,One Flew Over the Cuckoo's Nest by Ken Kesey,y,",",","
1504,The Buddha of Suburbia by Hanif Kureishi,y,",",","
1505,Sons and Lovers by DH Lawrence,y,",",","
1506,Cider with Rosie by Laurie Lee,y,",",","
1507,Invitation to the Waltz by Rosamond Lehmann,y,",",","
1508,The Golden Notebook by Doris Lessing,y,",",","
1509,How Green was My Valley by Richard Llewellyn,y,",",","
1510,Martin Eden by Jack London,y,",",","
1511,Under the Volcano by Malcolm Lowry,y,",",","
1512,The Member of the Wedding by Carson McCullers,y,",",","
1513,Palace Walk by Naguib Mahfouz,y,",",","
1514,The Assistant by Bernard Malamud,y,",",","
1515,Buddenbrooks by Thomas Mann,y,",",","
1516,The Chateau by William Maxwell,y,",",","
1517,The Rector's Daughter by FM Mayor ,y,",",","
1518,The Ordeal of Richard Feverek by George Meredith,y,",",","
1519,Family Matters by Rohinton Mistry,y,",",","
1520,Sour Sweet by Timothy Mo,y,",",","
1521,The Lonely Passion of Judith Hearne by Brian Moore,y,",",","
1522,The Bluest Eye by Toni Morrison,y,",",","
1523,Song of Solomon by Toni Morrison,y,",",","
1524,Who Do You Think You Are? by Alice Munro,y,",",","
1525,The Black Prince by Iris Murdoch,y,",",","
1526,The Man Without Qualities by Robert Musil ,y,",",","
1527,A House for Mr Biswas by VS Naipaul,y,",",","
1528,At-Swim-Two-Birds by Flann O'Brien,y,",",","
1529,Teach Us to Outgrow Our Madness by Kezaburo Oe,y,",",","
1530,The Moviegoer by Walker Percy,y,",",","
1531,The Bell Jar by Sylvia Plath,y,",",","
1532,My Name Is Asher Lev by Chaim Potok,y,",",","
1533,The Good Companions by JB Priestley,y,",",","
1534,The Shipping News by E Annie Proulx,y,",",","
1535,Remembrance of Things Past by Marcel Proust,y,",",","
1536,A Married Man by Piers Paul Read,y,",",","
1537,Pointed Roofs by Dorothy Richardson,y,",",","
1538,The Fortunes of Richard Mahoney by Henry Handel Richardson,y,",",","
1539,Call it Sleep by Henry Roth,y,",",","
1540,"Julie, ou la Nouvelle Heloise by Jean-Jacques Rousseau",y,",",","
1541,The God of Small Things by Arundhati Roy,y,",",","
1542,The Catcher in the Rye by JD Salinger,y,",",","
1543,Alberta and Jacob by Cora Sandel ,y,",",","
1544,A Suitable Boy by Vikram Seth,y,",",","
1545,Unless by Carol Shields,y,",",","
1546,We Need to Talk About Kevin by Lionel Shriver,y,",",","
1547,The Three Sisters by May Sinclair,y,",",","
1548,The Family Moskat or The Manor or The Estate by Isaac Bashevis Singer,y,",",","
1549,A Thousand Acres by Jane Smiley,y,",",","
1550,On Beauty by Zadie Smith,y,",",","
1551,The Man Who Loved Children by Christina Stead,y,",",","
1552,East of Eden by John Steinbeck,y,",",","
1553,Ballet Shoes by Noel Streatfield,y,",",","
1554,Confessions of Zeno by Italo Svevo,y,",",","
1555,The Magnificent Ambersons by Booth Tarkington,y,",",","
1556,Angel by Elizabeth Taylor,y,",",","
1557,Lark Rise to Candleford by Flora Thompson,y,",",","
1558,The Blackwater Lightship by Colm Toibin,y,",",","
1559,"The Secret Diary of Adrian Mole, Aged 13 3/4 by Sue Townsend",y,",",","
1560,Death in Summer by William Trevor,y,",",","
1561,Fathers and Sons by Ivan Turgenev,y,",",","
1562,Peace in War by Miguel de Unamuno ,y,",",","
1563,The Rabbit Omnibus by John Updike,y,",",","
1564,The Color Purple by Alice Walker,y,",",","
1565,"Jimmy Corrigan, The Smarest Kid on Earth by Chris Ware",y,",",","
1566,Morvern Callar by Alan Warner,y,",",","
1567,The History of Mr Polly by HG Wells,y,",",","
1568,The Fountain Overflows by Rebecca West,y,",",","
1569,Frost in May by Antonia White,y,",",","
1570,The Tree of Man by Patrick White,y,",",","
1571,The Picture of Dorian Gray by Oscar Wilde,y,",",","
1572,Oranges Are Not the Only Fruit by Jeanette Winterson,y,",",","
1573,I'll Go to Bed at Noon by Gerard Woodward,y,",",","
1574,To the Lighthouse by Virginia Woolf,y,",",","
1575,Mrs Dalloway by Virginia Woolf,y,",",","
1576,Swiss Family Robinson by Johann David Wyss,y,",",","
1577,Love,y,",",","
1578,Le Grand Meaulnes by Henri Alain-Fournier,y,",",","
1579,Dom Casmurro Joaquim by Maria Machado de Assis,y,",",","
1580,Northanger Abbey by Jane Austen,y,",",","
1581,Sense and Sensibility by Jane Austen,y,",",","
1582,Pride and Prejudice by Jane Austen,y,",",","
1583,Mansfield Park by Jane Austen,y,",",","
1584,Emma by Jane Austen,y,",",","
1585,Persuasion by Jane Austen,y,",",","
1586,Giovanni's Room by James Baldwin,y,",",","
1587,Nightwood by Djuna Barnes,y,",",","
1588,The Garden of the Finzi-Cortinis by Giorgio Bassani,y,",",","
1589,Love for Lydia by HE Bates,y,",",","
1590,More Die of Heartbreak by Saul Bellow,y,",",","
1591,Lorna Doone by RD Blackmore,y,",",","
1592,The Death of the Heart by Elizabeth Bowen,y,",",","
1593,The Heat of the Day by Elizabeth Bowen,y,",",","
1594,Jane Eyre by Charlotte Bronte,y,",",","
1595,Vilette by Charlotte Bronte,y,",",","
1596,Wuthering Heights by Emily Bronte,y,",",","
1597,Look At Me by Anita Brookner,y,",",","
1598,Rubyfruit Jungle by Rita Mae Brown,y,",",","
1599,Possession by AS Byatt,y,",",","
1600,Breakfast at Tiffany's by Truman Capote,y,",",","
1601,Oscar and Lucinda by Peter Carey,y,",",","
1602,A Month in the Country by JL Carr,y,",",","
1603,My Antonia by Willa Cather,y,",",","
1604,A Lost Lady by Willa Cather,y,",",","
1605,Claudine a l'ecole by Sidonie-Gabrielle Colette,y,",",","
1606,Cheri by Sidonie-Gabrielle Collette,y,",",","
1607,Victory: An Island Tale by Joseph Conrad,y,",",","
1608,The Princess of Cleves by Madame de Lafayette,y,",",","
1609,The Parasites by Daphne du Maurier,y,",",","
1610,Rebecca by Daphne du Maurier,y,",",","
1611,The Lover by Marguerite Duras,y,",",","
1612,Adam Bede by George Eliot,y,",",","
1613,Daniel Deronda by George Eliot,y,",",","
1614,The Mill on the Floss by George Eliot,y,",",","
1615,The Virgin Suicides by Jeffrey Eugenides,y,",",","
1616,The Great Gatsby by F Scott Fitzgerald,y,",",","
1617,Tender is the Night by F Scott Fitzgerald,y,",",","
1618,The Blue Flower by Penelope Fitzgerald,y,",",","
1619,Madame Bovary by Gustave Flaubert,y,",",","
1620,The Good Soldier by Ford Madox Ford,y,",",","
1621,A Room with a View by EM Forster,y,",",","
1622,The French Lieutenant's Woman by John Fowles,y,",",","
1623,The Snow Goose by Paul Gallico,y,",",","
1624,Ruth by Elizabeth Gaskell,y,",",","
1625,Strait is the Gate by Andre Gide,y,",",","
1626,Sunset Song by Lewis Grassic Gibbon,y,",",","
1627,The Sorrows of Young Werther by Johann Wolfgang Goethe,y,",",","
1628,Living by Henry Green,y,",",","
1629,The End of the Affair by Graham Greene,y,",",","
1630,The Well of Loneliness by Radclyffe Hall,y,",",","
1631,Far From the Madding Crowd by Thomas Hardy,y,",",","
1632,Jude the Obscure by Thomas Hardy,y,",",","
1633,Tess of the D'Urbervilles by Thomas Hardy,y,",",","
1634,The Woodlanders by Thomas Hardy,y,",",","
1635,The Go-Between by LP Hartley,y,",",","
1636,The Scarlet Letter by Nathaniel Hawthorne,y,",",","
1637,The Transit of Venus by Shirley Hazzard,y,",",","
1638,A Farewell to Arms by Ernest Hemingway,y,",",","
1639,The Infamous Army by Georgette Heyer,y,",",","
1640,Regency Buck by Georgette Heyer,y,",",","
1641,The Swimming-Pool Library by Alan Hollinghurst,y,",",","
1642,Green Mansions: A Romance of the Tropical Forest by WH Hudson,y,",",","
1643,Their Eyes Were Watching God by Zora Neale Hurston,y,",",","
1644,Crome Yellow by Aldous Huxley,y,",",","
1645,The Remains of the Day by Kazuo Ishiguro,y,",",","
1646,Portrait of a Lady by Henry James,y,",",","
1647,The Wings of the Dove by Henry James,y,",",","
1648,The Piano Teacher by Elfriede Jelinek,y,",",","
1649,Beauty and Saddness by Yasunari Kawabata,y,",",","
1650,The Far Pavillions by Mary Margaret Kaye,y,",",","
1651,Zorba the Greek by Nikos Kazantzakis,y,",",","
1652,Moon over Africa by Pamela Kent,y,",",","
1653,The Book of Laughter and Forgetting by Milan Kundera,y,",",","
1654,The Unbearable Lightness of Being by Milan Kundera,y,",",","
1655,Les Liaisons Dangereuses by Pierre-Ambroise-Francois Choderlos de Laclos ,y,",",","
1656,Lady Chatterley's Lover by DH Lawrence,y,",",","
1657,The Rainbow by DH Lawrence,y,",",","
1658,Women in Love by DH Lawrence,y,",",","
1659,The Echoing Grove by Rosamond Lehmann,y,",",","
1660,The Weather in the Streets by Rosamond Lehmann,y,",",","
1661,Gentlemen Prefer Blondes by Anita Loos,y,",",","
1662,Zami by Audre Lorde,y,",",","
1663,Foreign Affairs by Alison Lurie,y,",",","
1664,Samarkand by Amin Maalouf,y,",",","
1665,Death in Venice by Thomas Mann,y,",",","
1666,The Silent Duchess by Dacia Maraini,y,",",","
1667,A Heart So White by Javier Marias,y,",",","
1668,Love in the Time of Cholera by Gabriel Garcia Marquez,y,",",","
1669,Of Human Bondage by Somerset Maugham,y,",",","
1670,"So Long, See you Tomorrow by William Maxwell",y,",",","
1671,The Heart is a Lonely Hunter by Carson McCullers,y,",",","
1672,Atonement by Ian McEwan,y,",",","
1673,The Child in Time by Ian McEwan,y,",",","
1674,The Egoist by George Meredith,y,",",","
1675,Tropic of Cancer by Henry Miller,y,",",","
1676,Patience and Sarah by Isabel Miller,y,",",","
1677,Gone With the Wind by Margaret Mitchell,y,",",","
1678,The Pursuit of Love by Nancy Mitford,y,",",","
1679,Love in a Cold Climate by Nancy Mitford,y,",",","
1680,Arturo's Island by Elsa Morante,y,",",","
1681,Norwegian Wood by Haruki Murakami,y,",",","
1682,"Lolita, or the Confessions of a White Widowed Male by Vladimir Nabokov",y,",",","
1683,The Painter of Signs by RK Narayan,y,",",","
1684,Delta of Venus by Anais Nin,y,",",","
1685,All Souls Day by Cees Nooteboom,y,",",","
1686,The English Patient by Michael Ondaatje,y,",",","
1687,Doctor Zhivago by Boris Pasternak,y,",",","
1688,Manon Lescaut by Abbe Prevost,y,",",","
1689,Wide Sargasso Sea by Jean Rhys,y,",",","
1690,Maurice Guest by Henry Handel Richardson,y,",",","
1691,Pamela by Samuel Richardson,y,",",","
1692,Clarissa by Samuel Richardson,y,",",","
1693,Gilead by Marilynne Robinson,y,",",","
1694,Bonjour Tristesse by Francoise Sagan,y,",",","
1695,Ali and Nino by Kurban Said,y,",",","
1696,Light Years by James Salter,y,",",","
1697,A Sport and a Passtime by James Salter,y,",",","
1698,The Reader by Benhardq Schlink,y,",",","
1699,The Reluctant Orphan by Aara Seale,y,",",","
1700,Love Story by Eric Segal,y,",",","
1701,"Enemies, a Love Story by Isaac Bashevis Singer",y,",",","
1702,At Grand Central Station I Sat Down and Wept by Elizabeth Smart,y,",",","
1703,I Capture the Castle by Dodie Smith,y,",",","
1704,The Map of Love by Ahdaf Soueif,y,",",","
1705,Valley of the Dolls by Jacqueline Susann,y,",",","
1706,Waterland by Graham Swift,y,",",","
1707,Diary of a Mad Old Man by Junichiro Tanizaki,y,",",","
1708,Anna Karenina by Leo Tolstoy,y,",",","
1709,Music and Silence by Rose Tremain,y,",",","
1710,First Love by Ivan Turgenev,y,",",","
1711,Breathing Lessons by Anne Tyler,y,",",","
1712,The Accidental Tourist by Anne Tyler,y,",",","
1713,The Night Watch by Sarah Waters,y,",",","
1714,The Graduate by Charles Webb,y,",",","
1715,The Age of Innocence by Edith Wharton,y,",",","
1716,The Passion by Jeanette Winterson,y,",",","
1717,East Lynne by Ellen Wood,y,",",","
1718,Revolutionary Road by Richard Yates,y,",",","
1719,Science fiction and fantasy,y,",",","
1720,The Hitchhikers Guide to the Galaxy by Douglas Adams,y,",",","
1721,Non-Stop by Brian W Aldiss,y,",",","
1722,Foundation by Isaac Asimov,y,",",","
1723,The Blind Assassin by Margaret Atwood,y,",",","
1724,The Handmaid's Tale by Margaret Atwood,y,",",","
1725,In the Country of Last Things by Paul Auster,y,",",","
1726,The Drowned World by JG Ballard,y,",",","
1727,Crash by JG Ballard,y,",",","
1728,Millennium People by JG Ballard,y,",",","
1729,The Wasp Factory by Iain Banks,y,",",","
1730,Consider Phlebas by Iain M Banks,y,",",","
1731,Weaveworld by Clive Barker,y,",",","
1732,Darkmans by Nicola Barker ,y,",",","
1733,The Time Ships by Stephen Baxter,y,",",","
1734,Darwin's Radio by Greg Bear,y,",",","
1735,Vathek by William Beckford,y,",",","
1736,The Stars My Destination by Alfred Bester,y,",",","
1737,Fahrenheit 451 by Ray Bradbury,y,",",","
1738,Lost Souls by Poppy Z Brite,y,",",","
1739,Wieland by Charles Brockden Brown,y,",",","
1740,Rogue Moon by Algis Budrys,y,",",","
1741,The Master and Margarita by Mikhail Bulgakov,y,",",","
1742,The Coming Race by EGEL Bulwer-Lytton,y,",",","
1743,A Clockwork Orange by Anthony Burgess,y,",",","
1744,The End of the World News by Anthony Burgess,y,",",","
1745,A Princess of Mars by Edgar Rice Burroughs,y,",",","
1746,Naked Lunch by William Burroughs,y,",",","
1747,Kindred by Octavia Butler,y,",",","
1748,Erewhon by Samuel Butler,y,",",","
1749,The Baron in the Trees by Italo Calvino,y,",",","
1750,The Influence by Ramsey Campbell,y,",",","
1751,Alice's Adventures in Wonderland by Lewis Carroll,y,",",","
1752,Through the Looking Glass and What Alice Found There by Lewis Carroll,y,",",","
1753,Nights at the Circus by Angela Carter ,y,",",","
1754,The Passion of New Eve by Angela Carter,y,",",","
1755,The Amazing Adventures of Kavalier and Clay by Michael Chabon ,y,",",","
1756,The Man who was Thursday by GK Chesterton,y,",",","
1757,Childhood's End by Arthur C Clarke,y,",",","
1758,Jonathan Strange & Mr Norrell by Susanna Clarke,y,",",","
1759,"Hello Summer, Goodbye by Michael G Coney",y,",",","
1760,Girlfriend in a Coma by Douglas Coupland,y,",",","
1761,House of Leaves by Mark Danielewski,y,",",","
1762,Pig Tales by Marie Darrieussecq,y,",",","
1763,The Einstein Intersection by Samuel R Delaney,y,",",","
1764,Do Androids Dream of Electric Sheep? by Philip K Dick,y,",",","
1765,The Man in the High Castle by Philip K Dick,y,",",","
1766,Camp Concentration by Thomas M Disch,y,",",","
1767,Foucault's Pendulum by Umberto Eco,y,",",","
1768,Under the Skin by Michel Faber,y,",",","
1769,The Magus by John Fowles,y,",",","
1770,American Gods by Neil Gaiman,y,",",","
1771,Red Shift by Alan Garner,y,",",","
1772,Neuromancer by William Gibson,y,",",","
1773,Herland by Charlotte Perkins Gilman,y,",",","
1774,Lord of the Flies by William Golding,y,",",","
1775,The Forever War by Joe Haldeman,y,",",","
1776,Light by M John Harrison,y,",",","
1777,The House of the Seven Gables by Nathaniel Hawthorne,y,",",","
1778,Stranger in a Strange Land by Robert A Heinlein,y,",",","
1779,Dune by Frank L Herbert,y,",",","
1780,The Glass Bead Game by Herman Hesse,y,",",","
1781,Riddley Walker by Russell Hoban ,y,",",","
1782,The Private Memoirs and Confessions of a Justified Sinner by James Hogg,y,",",","
1783,Atomised by Michel Houellebecq,y,",",","
1784,Brave New World by Aldous Huxley,y,",",","
1785,The Unconsoled by Kazuo Ishiguro,y,",",","
1786,The Haunting of Hill House by Shirley Jackson,y,",",","
1787,The Turn of the Screw by Henry James,y,",",","
1788,The Children of Men by PD James,y,",",","
1789,"After London; or, Wild England by Richard Jefferies",y,",",","
1790,Bold as Love by Gwyneth Jones,y,",",","
1791,The Trial by Franz Kafka,y,",",","
1792,Flowers for Algernon by Daniel Keyes,y,",",","
1793,The Shining by Stephen King,y,",",","
1794,The Victorian Chaise-longue by Marghanita Laski,y,",",","
1795,Uncle Silas by Joseph Sheridan Le Fanu,y,",",","
1796,The Earthsea Series by Ursula Le Guin,y,",",","
1797,The Left Hand of Darkness by Ursula Le Guin,y,",",","
1798,Solaris by Stanislaw Lem ,y,",",","
1799,Memoirs of a Survivor by Doris Lessing,y,",",","
1800,The Chronicles of Narnia by CS Lewis,y,",",","
1801,The Monk by Matthew Lewis,y,",",","
1802,A Voyage to Arcturus by David Lindsay,y,",",","
1803,The Night Sessions by Ken Macleod,y,",",","
1804,Beyond Black by Hilary Mantel,y,",",","
1805,Only Forward by Michael Marshall Smith,y,",",","
1806,I Am Legend by Richard Matheson,y,",",","
1807,Melmoth the Wanderer by Charles Maturin,y,",",","
1808,The Butcher Boy by Patrick McCabe,y,",",","
1809,The Road by Cormac McCarthy,y,",",","
1810,Ascent by Jed Mercurio,y,",",","
1811,The Scar by China Mieville,y,",",","
1812,Ingenious Pain by Andrew Miller,y,",",","
1813,A Canticle for Leibowitz by Walter M Miller Jr,y,",",","
1814,Cloud Atlas by David Mitchell,y,",",","
1815,Mother London by Michael Moorcock,y,",",","
1816,News from Nowhere by William Morris,y,",",","
1817,Beloved by Toni Morrison,y,",",","
1818,The Wind-Up Bird Chronicle by Haruki Murakami,y,",",","
1819,Ada or Ardor by Vladimir Nabokov,y,",",","
1820,The Time Traveler's Wife by Audrey Niffenegger,y,",",","
1821,Ringworld by Larry Niven,y,",",","
1822,Vurt by Jeff Noon,y,",",","
1823,The Third Policeman by Flann O'Brien,y,",",","
1824,The Famished Road by Ben Okri,y,",",","
1825,Nineteen Eighty-Four by George Orwell,y,",",","
1826,Fight Club by Chuck Palahniuk,y,",",","
1827,Nightmare Abbey by Thomas Love Peacock,y,",",","
1828,Titus Groan by Mervyn Peake,y,",",","
1829,The Space Merchants by Frederik Pohl and CM Kornbluth,y,",",","
1830,A Glastonbury Romance by John Cowper Powys,y,",",","
1831,The Discworld Series by Terry Pratchett,y,",",","
1832,The Prestige by Christopher Priest,y,",",","
1833,His Dark Materials by Philip Pullman,y,",",","
1834,Gargantua and Pantagruel by Francois Rabelais,y,",",","
1835,The Mysteries of Udolpho by Ann Radcliffe,y,",",","
1836,Revelation Space by Alastair Reynolds,y,",",","
1837,The Years of Rice and Salt by Kim Stanley Robinson,y,",",","
1838,Harry Potter and the Philosopher's Stone by JK Rowling,y,",",","
1839,Satanic Verses by Salman Rushdie,y,",",","
1840,The Female Man by Joanna Russ,y,",",","
1841,Air by Geoff Ryman,y,",",","
1842,The Little Prince by Antoine de Saint-Exupery,y,",",","
1843,Blindness by Jose Saramago,y,",",","
1844,How the Dead Live by Will Self,y,",",","
1845,Frankenstein by Mary Shelley,y,",",","
1846,Hyperion by Dan Simmons,y,",",","
1847,Star Maker by Olaf Stapledon,y,",",","
1848,Snow Crash by Neal Stephenson,y,",",","
1849,The Strange Case of Dr Jekyll and Mr Hyde by Robert Louis Stevenson,y,",",","
1850,Dracula by Bram Stoker,y,",",","
1851,The Insult by Rupert Thomson,y,",",","
1852,The Hobbit by JRR Tolkien,y,",",","
1853,The Lord of the Rings by JRR Tolkien,y,",",","
1854,A Connecticut Yankee in King Arthur's Court by Mark Twain,y,",",","
1855,Sirens of Titan by Kurt Vonnegut,y,",",","
1856,The Castle of Otranto by Horace Walpole,y,",",","
1857,Institute Benjamenta by Robert Walser,y,",",","
1858,Lolly Willowes by Sylvia Townsend Warner ,y,",",","
1859,Affinity by Sarah Waters ,y,",",","
1860,The Time Machine by HG Wells,y,",",","
1861,The War of the Worlds by HG Wells,y,",",","
1862,The Sword in the Stone by TH White,y,",",","
1863,The Old Men at the Zoo by Angus Wilson,y,",",","
1864,The Book of the New Sun by Gene Wolfe,y,",",","
1865,Orlando by Virginia Woolf,y,",",","
1866,Day of the Triffids by John Wyndham,y,",",","
1867,The Midwich Cuckoos by John Wyndham,y,",",","
1868,We by Yevgeny Zamyatin,y,",",","
1869,State of the nation,y,",",","
1870,Things Fall Apart by Chinua Achebe,y,",",","
1871,Anthills of the Savannah by Chinua Achebe,y,",",","
1872,London Fields by Martin Amis,y,",",","
1873,Untouchable by Mulk Raj Anand,y,",",","
1874,Go Tell it on the Mountain by James Baldwin,y,",",","
1875,La Comedie Humaine by Honore de Balzac,y,",",","
1876,They Were Counted by Miklos Banffy,y,",",","
1877,A Kind of Loving by Stan Barstow,y,",",","
1878,Uncle Tom's Cabin by Harriet Beecher Stowe,y,",",","
1879,"Oroonoko, or The Royal Slave by Aphra Behn",y,",",","
1880,Clayhanger by Arnold Bennett,y,",",","
1881,The Last September by Elizabeth Bowen,y,",",","
1882,Room at the Top by John Braine,y,",",","
1883,A Dry White Season by Andre Brink,y,",",","
1884,Shirley by Charlotte Bronte,y,",",","
1885,Earthly Powers by Anthony Burgess,y,",",","
1886,The Virgin in the Garden by AS Byatt,y,",",","
1887,Tobacco Road by Erskine Caldwell,y,",",","
1888,The Plague by Albert Camus,y,",",","
1889,The Kingdom of this World by Alejo Carpentier,y,",",","
1890,What a Carve Up! by Jonathan Coe,y,",",","
1891,Disgrace by JM Coetzee,y,",",","
1892,Waiting for the Barbarians by JM Coeztee,y,",",","
1893,Microserfs by Douglas Coupland,y,",",","
1894,Moll Flanders by Daniel Defoe,y,",",","
1895,Underworld by Don DeLillo,y,",",","
1896,White Noise by Don DeLillo,y,",",","
1897,A Tale of Two Cities by Charles Dickens,y,",",","
1898,Bleak House by Charles Dickens,y,",",","
1899,Dombey and Son by Charles Dickens,y,",",","
1900,Hard Times by Charles Dickens,y,",",","
1901,Little Dorritt by Charles Dickens,y,",",","
1902,Oliver Twist by Charles Dickens,y,",",","
1903,Play It As It Lays by Joan Didion,y,",",","
1904,Sybil or The Two Nations by Benjamin Disraeli,y,",",","
1905,Berlin Alexanderplatz by Alfred Döblin,y,",",","
1906,The Book of Daniel by EL Doctorow,y,",",","
1907,Notes from the Underground by Fyodor Dostoevsky,y,",",","
1908,The Idiot by Fyodor Dostoevsky,y,",",","
1909,USA by John Dos Passos,y,",",","
1910,Sister Carrie by Theodor Dreiser,y,",",","
1911,Castle Rackrent by Maria Edgeworth,y,",",","
1912,Middlemarch by George Eliot,y,",",","
1913,Silas Marner by George Eliot,y,",",","
1914,The Invisible Man by Ralph Ellison,y,",",","
1915,Sentimental Education by Gustave Flaubert,y,",",","
1916,Effi Briest by Theodore Fontane,y,",",","
1917,Independence Day by Richard Ford,y,",",","
1918,A Passage to India by EM Forster,y,",",","
1919,The Corrections by Jonathan Franzen,y,",",","
1920,The Recognitions by William Gaddis,y,",",","
1921,Cranford by Elizabeth Gaskell,y,",",","
1922,North and South by Elizabeth Gaskell,y,",",","
1923,The Counterfeiters by Andre Gide,y,",",","
1924,The Odd Women by George Gissing,y,",",","
1925,New Grub Street by George Gissing,y,",",","
1926,July's People by Nadine Gordimer,y,",",","
1927,Mother by Maxim Gorky,y,",",","
1928,Lanark by Alastair Gray,y,",",","
1929,Love on the Dole by Walter Greenwood,y,",",","
1930,The Mayor of Casterbridge by Thomas Hardy,y,",",","
1931,A Kestrel for a Knave by Barry Hines,y,",",","
1932,The Line of Beauty by Alan Hollinghurst,y,",",","
1933,South Riding by Winifred Holtby,y,",",","
1934,Les Miserables by Victor Hugo,y,",",","
1935,Goodbye to Berlin by Christopher Isherwood,y,",",","
1936,Chronicle in Stone by Ismael Kadare,y,",",","
1937,"How Late it Was, How Late by James Kelman",y,",",","
1938,The Leopard by Giuseppi di Lampedusa,y,",",","
1939,A Girl in Winter by Philip Larkin,y,",",","
1940,Passing by Nella Larsen,y,",",","
1941,The Grass is Singing by Doris Lessing,y,",",","
1942,Babbitt by Sinclair Lewis,y,",",","
1943,Elmer Gantry by Sinclair Lewis,y,",",","
1944,Main Street by Sinclair Lewis,y,",",","
1945,Absolute Beginners by Colin MacInnes,y,",",","
1946,The Group by Mary McCarthy,y,",",","
1947,Amongst Women by John McGahern,y,",",","
1948,The Posthumous Memoirs of Bras Cubas by Joaquim Maria Machado de Assis,y,",",","
1949,Of Love & Hunger by Julian Maclaren-Ross,y,",",","
1950,Remembering Babylon by David Malouf,y,",",","
1951,The Magic Mountain by Thomas Mann,y,",",","
1952,The Betrothed by Alessandro Manzoni,y,",",","
1953,Bel-Ami by Guy de Maupassant,y,",",","
1954,A Fine Balance by Rohinton Mistry,y,",",","
1955,The Time of Indifference by Alberto Moravia,y,",",","
1956,A Bend in the River by VS Naipaul,y,",",","
1957,McTeague by Frank Norris,y,",",","
1958,Personality by Andrew O'Hagan,y,",",","
1959,Animal Farm by George Orwell,y,",",","
1960,The Ragazzi Pier by Paolo Pasolini,y,",",","
1961,"Cry, the Beloved Country by Alan Paton",y,",",","
1962,The Moon and the Bonfire by Cesare Pavese,y,",",","
1963,GB84 by David Peace,y,",",","
1964,Headlong Hall by Thomas Love Peacock,y,",",","
1965,Afternoon Men by Anthony Powell,y,",",","
1966,Vineland by Thomas Pynchon,y,",",","
1967,The Radetzky March by Joseph Roth,y,",",","
1968,American Pastoral by Philip Roth,y,",",","
1969,The Human Stain by Philip Roth,y,",",","
1970,Midnight's Children by Salman Rushdie,y,",",","
1971,Shame by Salman Rushdie,y,",",","
1972,To Each his Own by Leonardo Sciascia,y,",",","
1973,Staying On by Paul Scott,y,",",","
1974,Last Exit to Brooklyn by Hubert Selby Jr,y,",",","
1975,The Lonely Londoners by Samuel Selvon,y,",",","
1976,God's Bit of Wood by Ousmane Sembene,y,",",","
1977,The Case of Comrade Tulayev by Victor Serge,y,",",","
1978,Richshaw Boy by Lao She,y,",",","
1979,Saturday Night and Sunday Morning by Alan Sillitoe,y,",",","
1980,The Jungle by Upton Sinclair,y,",",","
1981,Novel on Yellow Paper by Stevie Smith,y,",",","
1982,White Teeth by Zadie Smith,y,",",","
1983,One Day in the Life of Ivan Denisovtich by Alexandr Solzhenitsyn,y,",",","
1984,The Grapes of Wrath by John Steinbeck,y,",",","
1985,The Red and the Black by Stendhal,y,",",","
1986,This Sporting Life by David Storey,y,",",","
1987,The Red Room by August Stringberg,y,",",","
1988,The Home and the World by Rabindranath Tagore,y,",",","
1989,Vanity Fair by William Makepeace Thackeray,y,",",","
1990,The Ragged Trousered Philanthropists by Robert Tressell,y,",",","
1991,The Last Chronicle of Barset by Anthony Trollope,y,",",","
1992,The Way We Live Now by Anthony Trollope,y,",",","
1993,The Adventures of Tom Sawyer by Mark Twain,y,",",","
1994,Couples by John Updike,y,",",","
1995,Z by Vassilis Vassilikos,y,",",","
1996,Billy Liar by Keith Waterhouse,y,",",","
1997,Trainspotting by Irvine Welsh,y,",",","
1998,The Day of the Locust by Nathanael West,y,",",","
1999,The Return of the Soldier by Rebecca West,y,",",","
2000,The House of Mirth by Edith Wharton,n,1259,07-04-14 22:08
2001,The Bonfire of the Vanities by Tom Wolfe,y,",",","
2002,Germinal by Emile Zola,y,",",","
2003,La Bete Humaine by Emile Zola,y,",",","
2004,War and travel,y,",",","
2005,Silver Stallion by Junghyo Ahn,y,",",","
2006,Death of a Hero by Richard Aldington,y,",",","
2007,Master Georgie by Beryl Bainbridge,y,",",","
2008,Darkness Falls from the Air by Nigel Balchin,y,",",","
2009,Empire of the Sun by JG Ballard,y,",",","
2010,Regeneration by Pat Barker,y,",",","
2011,A Long Long Way by Sebastian Barry,y,",",","
2012,Fair Stood the Wind for France by HE Bates,y,",",","
2013,Carrie's War by Nina Bawden,y,",",","
2014,The Savage Detectives by Roberto Bolano,y,",",","
2015,The Sheltering Sky by Paul Bowles,y,",",","
2016,An Ice-Cream War by William Boyd,y,",",","
2017,When the Wind Blows by Raymond Briggs,y,",",","
2018,Invisible Cities by Italo Calvino,y,",",","
2019,Auto-da-Fe by Elias Canetti,y,",",","
2020,One of Ours by Willa Cather,y,",",","
2021,Journey to the End of the Night by Louis-Ferdinand Celine,y,",",","
2022,Monkey by Wu Ch'eng-en,y,",",","
2023,Heart of Darkness by Joseph Conrad,y,",",","
2024,Lord Jim by Joseph Conrad,y,",",","
2025,Nostromo by Joseph Conrad,y,",",","
2026,Sharpe's Eagle by Bernard Cornwell,y,",",","
2027,The History of Pompey the Little by Francis Coventry,y,",",","
2028,The Red Badge of Courage by Stephen Crane,y,",",","
2029,Robinson Crusoe by Daniel Defoe,y,",",","
2030,Bomber by Len Deighton,y,",",","
2031,Deliverance by James Dickey,y,",",","
2032,Three Soldiers by John Dos Passos,y,",",","
2033,South Wind by Norman Douglas,y,",",","
2034,The Three Musketeers by Alexandre Dumas,y,",",","
2035,Justine by Lawrence Durrell,y,",",","
2036,The Bamboo Bed by William Eastlake,y,",",","
2037,The Siege of Krishnapur by JG Farrell,y,",",","
2038,Birdsong by Sebastian Faulks,y,",",","
2039,Parade's End by Ford Madox Ford,y,",",","
2040,The African Queen by CS Forester,y,",",","
2041,The Ship by CS Forester,y,",",","
2042,Flashman by George MacDonald Fraser,y,",",","
2043,Cold Mountain by Charles Frazier,y,",",","
2044,The Beach by Alex Garland,y,",",","
2045,To The Ends of the Earth trilogy by William Golding,y,",",","
2046,Asterix the Gaul by Rene Goscinny,y,",",","
2047,The Tin Drum by Gunter Grass,y,",",","
2048,Count Belisarius by Robert Graves,y,",",","
2049,Life and Fate by Vassily Grossman,y,",",","
2050,De Niro's Game by Rawi Hage,y,",",","
2051,King Solomon's Mines by H Rider Haggard,y,",",","
2052,She: A History of Adventure by H Rider Haggard,y,",",","
2053,The Slaves of Solitude by Patrick Hamilton,y,",",","
2054,Covenant with Death by John Harris,y,",",","
2055,Enigma by Robert Harris,y,",",","
2056,The Good Soldier Svejk by Jaroslav Hasek,y,",",","
2057,For Whom the Bell Tolls by Ernest Hemingway,y,",",","
2058,The Prisoner of Zenda by Anthony Hope,y,",",","
2059,The Kite Runner by Khaled Hosseini,y,",",","
2060,A High Wind in Jamaica by Richard Hughes,y,",",","
2061,Rasselas by Samuel Johnson,y,",",","
2062,From Here to Eternity by James Jones,y,",",","
2063,Andersonville by MacKinlay Kantor,y,",",","
2064,Confederates by Thomas Keneally,y,",",","
2065,Schindler's Ark by Thomas Keneally,y,",",","
2066,Day by AL Kennedy,y,",",","
2067,On the Road by Jack Kerouac,y,",",","
2068,Darkness at Noon by Arthur Koestler,y,",",","
2069,The Painted Bird by Jerzy Kosinski,y,",",","
2070,"If Not Now, When? by Primo Levi",y,",",","
2071,The Call of the Wild by Jack London,y,",",","
2072,The Guns of Navarone by Alistair MacLean,y,",",","
2073,All the Pretty Horses by Cormac McCarthy,y,",",","
2074,Blood Meridian by Cormac McCarthy,y,",",","
2075,The Mark of Zorro by Johnston McCulley,y,",",","
2076,Lonesome Dove by Larry McMurty,y,",",","
2077,The Naked and the Dead by Norman Mailer,y,",",","
2078,La Condition Humaine by Andre Malraux,y,",",","
2079,Fortunes of War by Olivia Manning,y,",",","
2080,One Hundred Years of Solitude by Gabriel Garcia Marquez,y,",",","
2081,The Children of the New Forest by Frederick Marryat,y,",",","
2082,"Moby-Dick or, The Whale by Herman Melville",y,",",","
2083,Tales of the South Pacific by James Michener,y,",",","
2084,The Cruel Sea by Nicholas Monsarrat,y,",",","
2085,History by Elsa Morante,y,",",","
2086,Suite Francaise by Irene Nemirovsky,y,",",","
2087,The Sorrow of War by Bao Ninh,y,",",","
2088,Master and Commander by Patrick O'Brian,y,",",","
2089,The Things They Carried by Tim O'Brien,y,",",","
2090,The Scarlet Pimpernel by Baroness Emmuska Orczy,y,",",","
2091,Burmese Days by George Orwell,y,",",","
2092,Zen and the Art of Motorcycle Maintenance by Robert Pirsig,y,",",","
2093,The Valley of Bones by Anthony Powell,y,",",","
2094,The Soldier's Art by Anthony Powell,y,",",","
2095,The Military Philosophers by Anthony Powell,y,",",","
2096,Gravity's Rainbow by Thomas Pynchon,y,",",","
2097,The Surprising Adventures of Baron Munchausen by Rudolp Erich Raspe,y,",",","
2098,All Quiet on the Western Front by Erich Maria Remarque,y,",",","
2099,The Crab with the Golden Claws by Georges Remi Herge,y,",",","
2100,Tintin in Tibet by Georges Remi Herge,y,",",","
2101,The Castafiore Emerald by Georges Remi Herge,y,",",","
2102,The Devil to Pay in the Backlands by Joao Guimaraes Rosa,y,",",","
2103,Sacaramouche by Rafael Sabatini,y,",",","
2104,Captain Blood by Rafael Sabatini,y,",",","
2105,Everything is Illuminated by Jonathon Safran Foer,y,",",","
2106,The Hunters by James Salter,y,",",","
2107,Ivanhoe by Sir Walter Scott,y,",",","
2108,The Rings of Saturn by WG Sebald,y,",",","
2109,Austerlitz by WG Sebald,y,",",","
2110,Black Beauty by Anna Sewell,y,",",","
2111,The Young Lions by Irwin Shaw,y,",",","
2112,A Town Like Alice by Nevil Shute,y,",",","
2113,Maus by Art Spiegelman,y,",",","
2114,The Charterhouse of Parma by Stendhal,y,",",","
2115,Cryptonomicon by Neil Stephenson,y,",",","
2116,A Sentimental Journey by Lawrence Sterne,y,",",","
2117,Kidnapped by Robert Louis Stevenson,y,",",","
2118,Treasure Island by Robert Louis Stevenson,y,",",","
2119,A Flag for Sunrise by Robert Stone,y,",",","
2120,Sophie's Choice by William Styron,y,",",","
2121,Gulliver's Travels by Jonathan Swift,y,",",","
2122,War and Peace by Leo Tolstoy,y,",",","
2123,The Adventures of Huckleberry Finn by Mark Twain,y,",",","
2124,Around the World in Eighty Days by Jules Verne,y,",",","
2125,A Journey to the Centre of the Earth by Jules Verne,y,",",","
2126,Williwaw by Gore Vidal,y,",",","
2127,Candide by Voltaire,y,",",","
2128,Slaughter-House Five by Kurt Vonnegut,y,",",","
2129,Put Out More Flags by Evelyn Waugh,y,",",","
2130,Men at Arms by Evelyn Waugh,y,",",","
2131,The Island of Dr Moreau by HG Wells,y,",",","
2132,The Machine-Gunners by Robert Westall,y,",",","
2133,Voss by Patrick White,y,",",","
2134,The Virginian by Owen Wister ,y,",",","
2135,The Caine Mutiny by Herman Wouk,y,",",","
2136,The Debacle by Emile Zola,y,",",","
